ip,node,node_detail
192.25.209.100,西宁,北京街I座
192.52.207.167,天津,李路n座
192.76.5.75,昆明,李路d座
192.88.100.194,北镇,马街K座
175.173.91.119,齐齐哈尔,宁德街y座
192.51.130.202,嘉禾,乔街D座
192.55.52.137,马鞍山,惠州街Z座
42.151.68.3,宜都,长沙街j座
192.24.129.0,梧州,香港街f座
192.52.192.128,阜新,哈尔滨街Q座
192.168.104.77,银川,孙街a座
192.83.77.57,六盘水,惠州路x座
198.63.218.184,拉萨,乌鲁木齐街h座
203.0.70.179,台北,黄街v座
192.88.111.85,邯郸,陈街v座
168.187.249.168,西安,台北路B座
192.88.100.197,通辽,吴街F座
219.27.16.67,郑州,北镇路B座
192.52.158.251,杭州,王街Z座
192.31.193.60,哈尔滨,宋路G座
203.0.82.6,呼和浩特,潜江路f座
203.3.71.134,沈阳,韩路K座
192.52.243.222,嘉禾,王街M座
195.20.18.25,荆门,李街r座
192.175.139.164,邯郸,梧州街L座
169.255.62.10,辛集,马街q座
192.169.243.81,海门,海门路s座
198.16.223.161,成都,天津路w座
192.52.241.186,通辽,张街U座
192.52.202.52,永安,南京路o座
198.199.173.147,郑州,齐路z座
198.14.159.254,深圳,嘉禾路C座
192.88.219.238,北镇,陈街e座
169.117.192.233,北京,石家庄街E座
192.63.78.5,北京,范路f座
192.175.49.75,兴安盟,陈街u座
168.74.125.127,巢湖,惠街f座
203.1.173.73,柳州,洪街G座
62.26.161.66,兴安盟,天津街L座
192.0.7.138,石家庄,潮州路u座
100.153.74.233,深圳,辽阳路g座
192.52.235.59,宜都,罗路l座
192.31.97.194,关岭,陈路V座
189.127.37.224,辽阳,曹街A座
192.52.41.119,哈尔滨,徐街q座
192.175.30.167,哈尔滨,邯郸路M座
198.24.238.181,海口,兴安盟路p座
198.54.134.220,西安,南宁街n座
206.22.21.131,潮州,北京街y座
192.77.13.65,辽阳,北镇街q座
192.88.24.127,石家庄,佛山街X座
192.81.71.2,乌鲁木齐,高街I座
198.51.205.23,长沙,六安路Z座
114.224.129.230,澳门,季路y座
192.31.194.7,贵阳,郝路B座
198.107.66.103,潮州,上海路E座
169.252.172.164,贵阳,拉萨路j座
114.6.221.47,六盘水,曾街O座
198.51.101.230,南宁,哈尔滨路I座
196.237.0.204,广州,冯街m座
203.6.81.167,海口,程路k座
192.88.102.4,合肥,马路B座
171.29.52.20,潮州,任路L座
203.0.122.254,辛集,北京路D座
203.18.60.225,太原,邹路U座
192.170.191.237,合肥,呼和浩特街Q座
192.31.187.207,拉萨,哈尔滨路F座
192.94.94.211,南京,管街W座
46.199.130.249,北京,伍路s座
192.31.221.239,贵阳,沈路b座
192.16.214.170,杭州,太原街C座
100.193.180.220,太原,叶路a座
192.31.232.47,拉萨,邱街V座
192.175.201.54,成都,上海路R座
192.88.103.43,巢湖,深圳路x座
197.36.124.75,石家庄,潜江路b座
198.51.71.181,石家庄,宜都街a座
169.133.8.220,六安,吕街b座
198.51.102.245,巢湖,宁德街n座
192.31.208.76,柳州,朱路F座
1.17.6.60,太原,常路P座
192.128.244.35,柳州,哈尔滨街w座
192.91.9.53,汕尾,宁德路m座
192.1.168.92,海门,章路p座
192.3.70.38,张家港,贵阳街b座
192.61.228.15,佛山,李街J座
192.3.130.64,郑州,深圳路n座
192.91.88.191,六安,佛山路B座
198.24.16.220,重庆,赵街A座
192.31.206.184,东莞,天津路v座
3.6.17.115,天津,潜江路c座
99.192.196.250,淮安,澳门路I座
192.83.246.175,邯郸,拉萨街g座
198.51.99.5,兰州,谢街Y座
192.0.1.208,荆门,刘路i座
192.88.98.163,上海,潮州街W座
1.27.206.230,东莞,赵路c座
198.51.120.73,邯郸,哈尔滨街Y座
192.1.118.184,荆门,郭路e座
192.88.100.217,乌鲁木齐,唐路q座
198.51.101.172,海口,西安路O座
192.31.113.41,关岭,朱路Q座
203.0.92.131,长春,杭州街D座
1.112.92.97,呼和浩特,郑路y座
203.1.150.252,沈阳,嘉禾街k座
100.62.158.191,济南,余路a座
192.1.142.98,永安,侯街B座
192.88.24.44,宜都,龙路e座
192.190.233.114,武汉,广州路R座
192.52.213.213,呼和浩特,宋路x座
169.255.125.49,兰州,葛街t座
203.0.123.243,关岭,方街E座
203.8.16.250,昆明,六盘水路Z座
192.0.1.134,六安,蔡路g座
169.186.202.247,潮州,沈阳路l座
192.0.22.0,兴安盟,沈路i座
192.0.9.240,沈阳,赵路G座
188.130.48.76,海门,陈街a座
3.92.236.184,香港,广州街n座
203.0.99.49,北京,张街R座
198.158.3.223,合肥,邓路N座
192.41.37.160,齐齐哈尔,谢街Q座
199.196.54.16,长沙,宁德路u座
25.234.113.204,昆明,黄路e座
198.22.154.83,宜都,尚路R座
192.31.183.229,通辽,西宁路m座
192.50.60.26,嘉禾,乌鲁木齐街c座
168.138.255.85,汕尾,叶街T座
204.247.52.175,张家港,李街u座
198.51.108.44,六盘水,刘路i座
192.90.175.99,齐齐哈尔,贵阳路h座
192.180.109.22,潜江,大冶街N座
3.106.76.33,马鞍山,澳门街i座
192.175.50.122,成都,王路m座
203.0.114.115,淮安,辽阳路Y座
101.204.151.11,沈阳,沈阳街m座
192.52.195.75,齐齐哈尔,詹街W座
195.17.187.52,辛集,福州街J座
192.53.255.27,昆明,天津路a座
192.0.82.189,关岭,程街u座
169.253.226.79,沈阳,通辽路r座
126.180.98.128,张家港,嘉禾街y座
192.53.104.100,贵阳,阜新路F座
192.184.198.100,马鞍山,王路t座
33.154.100.229,上海,太原路y座
193.7.133.171,广州,伍路n座
198.51.101.182,淮安,马街U座
192.175.51.100,马鞍山,刘街p座
192.88.52.124,兰州,朱街O座
171.107.232.234,辛集,天津路L座
203.0.193.131,太原,王路M座
192.52.244.249,张家港,金街I座
192.89.81.149,杭州,广州街c座
203.0.112.205,武汉,海门路O座
200.226.10.228,宜都,张街y座
192.6.96.194,宁德,阜新街t座
198.51.35.86,太原,南宁街D座
195.246.134.178,台北,李街N座
198.20.101.244,海口,六安街a座
192.31.197.86,永安,张家港街c座
199.178.103.150,荆门,潘路S座
198.49.118.250,香港,澳门路V座
192.91.181.5,太原,澳门路y座
192.0.3.53,合肥,澳门路w座
192.31.195.93,阜新,胡街p座
203.89.131.183,六安,惠州街i座
192.1.39.93,南宁,乌鲁木齐路r座
192.27.119.45,石家庄,六盘水街k座
192.52.211.202,海门,通辽路v座
192.219.196.155,福州,吴街m座
169.246.111.193,呼和浩特,齐齐哈尔街Q座
192.172.236.242,哈尔滨,嘉禾街k座
192.7.219.245,潜江,海口街j座
192.88.120.11,南京,太原街X座
203.0.122.97,北镇,潘路o座
198.48.241.88,武汉,哈尔滨街N座
192.63.127.1,沈阳,杨街Q座
202.85.73.94,柳州,梁路s座
198.51.118.239,马鞍山,王街m座
2.60.17.144,马鞍山,贵阳街s座
192.88.101.224,南昌,南昌街E座
169.253.192.12,南昌,邵路I座
203.60.163.205,嘉禾,合肥路v座
192.175.57.46,永安,天津路F座
203.0.114.205,贵阳,太原路O座
206.237.161.125,潜江,周路w座
192.62.88.218,重庆,郑州街q座
169.252.6.231,贵阳,六安街G座
100.40.81.179,乌鲁木齐,王街D座
176.97.123.56,东莞,长春街C座
185.208.90.149,深圳,何街N座
192.175.243.127,太原,南昌街n座
192.52.130.93,深圳,重庆街u座
2.82.30.24,沈阳,王街w座
192.9.61.57,张家港,尤路q座
192.31.206.49,六盘水,李街g座
192.0.4.102,澳门,辽阳路J座
203.0.115.106,拉萨,长沙路C座
203.1.227.177,贵阳,西安街i座
102.4.205.1,沈阳,傅路w座
198.51.97.130,沈阳,六安街G座
192.52.194.131,石家庄,刘街s座
101.176.55.227,乌鲁木齐,曾街W座
192.161.70.190,南京,胡路I座
202.225.232.58,福州,狄街Y座
192.168.157.218,乌鲁木齐,郭街q座
192.83.189.172,东莞,陈街P座
203.169.227.244,香港,张路v座
192.26.42.212,台北,沈阳街I座
198.47.15.129,拉萨,巢湖路p座
192.0.44.101,银川,扈路B座
203.0.116.111,嘉禾,戴路X座
192.175.17.241,沈阳,马街Y座
192.93.129.165,沈阳,合肥街L座
100.171.228.170,成都,呼和浩特路U座
198.49.0.161,兴安盟,任街G座
198.123.24.43,荆门,石家庄路U座
55.110.49.92,沈阳,周路g座
192.7.49.150,惠州,沈阳路l座
170.132.188.172,澳门,郭街U座
192.20.61.93,昆明,田街w座
192.28.56.190,东莞,蒋街E座
192.52.147.95,柳州,杨路K座
192.0.14.205,荆门,武汉路A座
192.56.142.251,呼和浩特,辽阳街g座
144.210.53.87,澳门,武汉街J座
192.88.158.201,海门,惠州路X座
203.1.249.54,嘉禾,辛集路D座
192.52.212.134,合肥,潮州街w座
192.175.50.204,台北,李路Z座
192.175.50.255,柳州,太原街O座
192.0.9.110,香港,西宁路z座
69.115.66.109,太原,太原路W座
192.88.50.21,六安,永安路b座
192.88.92.253,西宁,辛集路B座
192.24.137.75,辛集,海门路U座
1.131.84.109,台北,巢湖街y座
192.89.154.228,荆门,石路z座
203.0.208.148,昆明,东莞路K座
192.175.160.7,太原,关路L座
192.59.144.186,关岭,张家港街N座
170.234.131.195,通辽,张街s座
192.0.39.36,济南,汕尾路p座
192.52.215.246,兰州,胡街H座
203.2.203.76,永安,朱路E座
192.175.57.90,嘉禾,长沙街c座
203.1.68.140,上海,辛集街P座
192.69.71.180,梧州,郑路Q座
192.92.39.90,银川,贾路t座
100.24.119.138,嘉禾,北京街p座
198.239.154.202,乌鲁木齐,靳路k座
169.255.173.123,乌鲁木齐,福州街Q座
103.183.236.168,张家港,宁街m座
192.14.71.202,济南,石家庄街I座
203.1.239.181,东莞,齐齐哈尔路g座
192.172.175.152,南昌,海口街F座
192.88.123.159,哈尔滨,张街x座
198.16.250.112,辽阳,裴路z座
198.51.99.60,惠州,台北街T座
85.34.221.216,重庆,马鞍山路T座
212.191.231.17,长沙,北镇路D座
169.249.21.109,天津,邱街A座
192.88.112.82,淮安,马街j座
192.0.13.28,合山,龚街G座
192.52.194.136,乌鲁木齐,台北路K座
198.76.99.30,南宁,江路n座
192.175.73.81,淮安,韦路q座
198.20.58.163,张家港,杭州路g座
192.84.52.93,沈阳,张街W座
192.0.5.140,深圳,关岭街Q座
165.99.68.195,南昌,刘街Z座
198.163.63.212,深圳,刘路R座
192.82.128.21,拉萨,长春街N座
198.60.233.18,太原,太原街L座
198.44.45.17,南宁,刘街z座
192.52.248.255,昆明,李路v座
192.175.51.40,阜新,东莞街C座
169.255.142.76,柳州,上海街H座
209.100.60.126,淮安,重庆路s座
198.50.193.87,台北,刘街s座
192.31.218.17,杭州,深圳路c座
192.200.9.246,淮安,重庆街a座
3.179.81.143,兰州,陈路J座
169.214.16.186,深圳,莫路U座
192.88.100.109,潜江,王街k座
203.206.150.173,北京,罗路v座
203.5.52.108,长沙,林街K座
198.51.56.150,沈阳,成都路b座
198.9.249.127,张家港,汕尾路P座
203.63.186.118,昆明,张街M座
192.88.81.16,马鞍山,辛集街t座
124.106.167.245,广州,张街x座
192.120.75.232,宁德,佛山街g座
173.219.90.29,太原,赵路H座
192.0.43.181,西宁,马路u座
198.22.65.242,福州,南昌街P座
192.28.219.200,海口,嘉禾路E座
221.32.192.76,邯郸,周路F座
192.0.7.216,南宁,戴街S座
3.207.28.44,太原,李路l座
203.7.52.9,太原,秦街U座
158.178.231.16,香港,澳门街j座
192.173.82.142,杭州,哈尔滨街q座
192.172.138.24,马鞍山,凌路R座
192.170.18.85,合山,大冶路U座
200.99.190.159,北镇,通辽路Y座
192.173.103.70,柳州,鄢路d座
192.175.96.182,马鞍山,上海街t座
203.4.133.41,西宁,西安路z座
192.0.73.176,巢湖,永安街g座
170.206.24.6,合山,黄路z座
198.51.102.173,梧州,唐路H座
192.89.48.44,香港,郑州街e座
198.50.243.3,柳州,杨街y座
192.30.14.90,南昌,黄街F座
223.62.28.126,济南,郭街p座
7.177.180.193,台北,南宁街c座
192.89.16.145,乌鲁木齐,徐街f座
192.6.119.133,张家港,张街h座
192.31.128.205,天津,马街b座
198.27.22.15,梧州,海门街x座
198.10.231.102,佛山,郭街m座
203.29.242.58,太原,拉萨街l座
113.85.123.162,马鞍山,张街A座
203.0.108.114,西宁,石路b座
169.155.200.239,合肥,齐齐哈尔街I座
203.10.151.4,兴安盟,侯路Q座
203.0.102.215,兴城,惠州路Q座
192.52.152.103,马鞍山,胡街t座
155.165.234.209,关岭,李街P座
192.52.192.172,佛山,赵街H座
198.51.17.116,淮安,阜新街E座
192.88.18.67,台北,武汉路H座
203.0.7.74,辽阳,贾街Y座
192.88.105.158,沈阳,海门路l座
192.47.162.217,广州,永安街q座
192.88.106.156,南京,李街t座
192.11.148.78,石家庄,杭州路R座
201.111.180.205,长沙,楚路I座
102.64.253.89,大冶,宁德街z座
192.31.255.207,长沙,太原街i座
203.0.59.167,深圳,海口街o座
198.51.112.116,潮州,淮安街e座
192.52.184.234,佛山,曹路I座
198.228.70.177,石家庄,张家港路e座
109.142.168.97,汕尾,郑州路q座
169.250.115.96,济南,兴城街Y座
85.115.37.70,太原,贵阳街o座
203.0.109.172,成都,太原路D座
192.187.223.123,石家庄,黄街q座
169.195.59.209,东莞,王路E座
192.6.120.2,兰州,宜都路s座
169.166.224.27,北京,梁路t座
192.31.198.233,马鞍山,济南街u座
175.147.34.34,西宁,王路U座
192.14.181.2,杭州,太原街K座
120.114.133.142,哈尔滨,沈阳街G座
192.88.98.60,西宁,南昌街E座
96.166.121.194,海门,沈阳路A座
192.52.208.241,西安,澳门街o座
164.227.233.223,合肥,福州路q座
192.31.198.41,哈尔滨,齐齐哈尔街C座
124.194.43.214,荆门,刘路y座
192.52.65.22,香港,通辽路q座
1.191.164.78,福州,上海街v座
192.85.22.88,银川,合山路y座
192.67.118.56,宜都,哈尔滨路t座
192.26.116.115,沈阳,宁德路j座
126.85.141.160,杭州,关岭街n座
166.212.6.213,辛集,南昌街k座
100.138.152.82,永安,郭街b座
31.30.69.171,马鞍山,银川路p座
169.132.250.216,兴安盟,陈街E座
192.0.1.168,嘉禾,施街Z座
178.12.112.151,深圳,南宁街S座
175.101.107.42,齐齐哈尔,姜路W座
192.52.192.185,汕尾,哈尔滨路X座
198.51.101.71,宜都,赵路P座
192.80.91.183,武汉,沈阳路q座
192.0.54.108,杭州,香港路u座
203.7.77.129,合肥,罗路P座
103.216.224.128,济南,皮街J座
192.35.221.179,昆明,强街B座
203.0.89.90,乌鲁木齐,福州街q座
198.51.101.81,长沙,陈街d座
192.88.96.237,汕尾,高街g座
192.52.195.10,银川,刘街e座
192.173.103.153,张家港,长春路o座
192.0.9.157,通辽,黄街J座
192.3.184.75,天津,彭街f座
198.53.96.139,西安,王路R座
192.0.68.251,哈尔滨,赵街B座
203.154.102.184,邯郸,张路l座
18.45.223.73,西宁,向街v座
198.51.50.2,潜江,刘路A座
126.100.3.229,沈阳,缪路I座
198.51.101.208,南京,叶路t座
192.17.141.35,邯郸,苏路K座
203.8.94.58,兴城,陈路G座
192.37.119.85,辛集,刘路Z座
147.100.99.156,太原,西宁路G座
192.77.189.217,香港,陈街G座
192.88.101.184,马鞍山,卢路U座
192.31.103.200,石家庄,沈阳街w座
192.88.67.97,石家庄,林街t座
168.221.87.85,通辽,戴街B座
192.31.222.158,荆门,胡街D座
169.250.175.212,嘉禾,王路L座
192.0.25.120,长沙,吴路H座
171.108.17.253,哈尔滨,天津街j座
192.6.166.118,齐齐哈尔,韩路e座
192.175.107.243,齐齐哈尔,丁路d座
203.0.125.40,拉萨,童街N座
192.1.41.40,合肥,姜街S座
192.49.155.183,太原,刘路U座
203.20.14.78,沈阳,永安路X座
165.55.81.74,广州,杭州路J座
192.31.197.94,东莞,汕尾街w座
203.0.112.93,南宁,汕尾街E座
102.120.232.90,六盘水,拉萨街W座
192.90.179.215,西安,赵街y座
198.58.222.225,乌鲁木齐,潮州路j座
167.76.148.173,辽阳,北镇路R座
169.188.175.100,太原,李路Z座
192.31.195.158,银川,淮安街q座
198.198.172.11,佛山,张家港街J座
192.52.226.235,宜都,赵路B座
88.208.239.112,柳州,方街G座
192.39.169.98,柳州,辛集街H座
80.39.138.128,贵阳,侯路H座
203.6.102.174,天津,李街o座
169.201.87.144,梧州,张家港街g座
192.88.74.119,武汉,卢街i座
192.88.125.72,西宁,张路q座
192.31.201.215,六安,贵阳街D座
169.242.60.108,潮州,潮州路M座
198.25.43.130,武汉,上海街s座
169.194.193.243,广州,赵路j座
192.0.41.49,六盘水,孙路S座
192.175.23.125,荆门,张家港街l座
178.44.57.15,兴城,张街h座
192.25.122.44,邯郸,夏路r座
192.0.7.240,兰州,南京街l座
168.183.114.176,银川,石家庄街g座
192.52.124.195,六安,尚路O座
192.2.139.56,澳门,黄街q座
192.160.185.153,嘉禾,南昌街o座
34.214.244.117,邯郸,柳州街w座
192.140.206.222,潮州,南京路V座
192.52.199.117,贵阳,杨路k座
192.57.94.34,齐齐哈尔,贵阳街H座
175.188.247.9,荆门,沈街x座
97.67.15.184,潜江,阜新街F座
169.176.221.152,大冶,王路e座
192.173.22.145,辽阳,昆明街k座
119.107.134.240,巢湖,阜新路m座
203.109.131.111,合山,重庆路r座
192.0.4.40,辽阳,任街q座
192.169.116.75,潮州,石家庄路G座
192.175.49.4,东莞,哈尔滨路y座
121.36.36.117,柳州,佛山街X座
193.37.192.55,广州,广州路w座
169.244.94.49,荆门,拉萨路C座
100.253.25.118,拉萨,李街d座
192.88.44.230,石家庄,明路L座
28.198.238.207,合肥,杨街H座
192.88.240.24,兰州,葛路R座
199.53.178.154,台北,程路m座
192.94.23.160,马鞍山,澳门街b座
198.21.235.192,海口,幸街y座
119.230.89.147,惠州,皮街A座
169.245.241.139,上海,徐路K座
192.175.59.87,通辽,陈街A座
203.0.117.48,哈尔滨,刘街S座
192.31.220.55,张家港,刘街s座
198.51.78.130,太原,昆明街z座
169.253.152.72,广州,潘街R座
198.16.41.62,辽阳,武汉街A座
169.228.130.116,成都,佛山路c座
198.51.102.30,海口,乌鲁木齐街F座
192.88.39.172,张家港,梧州街p座
192.22.147.176,石家庄,南京街y座
192.104.248.153,汕尾,吴路f座
203.0.114.199,济南,文路B座
192.0.5.52,郑州,刘街a座
192.31.255.11,沈阳,太原街Y座
122.207.236.162,海门,祁路G座
57.56.77.18,大冶,西安路D座
203.219.28.31,淮安,济南街X座
192.173.179.166,南宁,永安路H座
203.0.120.169,北京,叶街d座
199.176.111.43,嘉禾,张街d座
192.26.52.173,潜江,长春路P座
192.52.196.34,广州,赵街m座
192.52.222.118,广州,丁街d座
125.200.171.156,沈阳,广州路O座
203.3.122.154,深圳,秦路A座
192.189.36.113,潜江,银川街m座
192.89.47.173,合肥,侯街L座
1.145.47.122,太原,北镇街r座
192.88.97.108,沈阳,张街w座
203.29.117.17,淮安,成都街g座
192.30.145.151,香港,太原路H座
192.85.149.58,石家庄,蔡街y座
192.0.4.37,兰州,北京路K座
169.255.1.105,海门,任街o座
201.215.119.90,辛集,李街S座
116.129.143.120,济南,宜都街f座
203.121.130.175,长春,崔路Z座
8.100.123.119,合山,高路c座
126.108.208.146,南宁,哈尔滨街l座
203.0.112.181,梧州,陈路H座
203.40.55.117,辽阳,南宁路r座
200.206.18.23,柳州,冯街o座
192.176.22.227,沈阳,香港街d座
203.1.31.15,北京,何路N座
198.51.170.182,关岭,广州街n座
198.230.182.134,巢湖,王路a座
192.52.208.144,南昌,永安街L座
192.114.35.16,贵阳,合山路T座
198.220.190.197,贵阳,丁街j座
192.0.72.181,济南,宜都街U座
169.242.235.151,乌鲁木齐,杨路T座
198.9.102.206,兴安盟,北京街N座
169.46.32.197,通辽,石家庄路Q座
192.52.195.140,上海,合肥街h座
203.4.2.75,福州,兴城路F座
192.175.49.102,郑州,李街h座
115.206.235.16,辛集,冯街T座
193.206.124.228,巢湖,曾街w座
192.88.53.196,东莞,佛山路A座
202.0.128.250,南宁,栗街W座
198.21.27.132,淮安,拉萨路i座
192.53.93.254,呼和浩特,陈街w座
192.172.180.26,宁德,兰州街s座
203.0.121.72,兴城,南宁路g座
198.51.101.233,张家港,嘉禾街f座
192.93.156.34,关岭,李街c座
202.79.61.209,东莞,长沙路Z座
192.0.98.229,杭州,饶街U座
109.127.187.66,大冶,谭路d座
1.39.252.182,柳州,汕尾街V座
203.0.48.237,呼和浩特,王路w座
198.51.96.78,佛山,南昌路L座
192.33.18.64,呼和浩特,姚街Z座
169.253.198.41,宜都,武汉路i座
192.170.209.69,台北,刘街t座
192.31.198.11,天津,许路z座
192.88.109.62,福州,西宁路D座
96.39.10.176,北京,许路C座
192.1.239.65,惠州,长春街S座
192.52.194.66,巢湖,昆明路x座
203.3.52.169,潜江,齐街u座
169.255.184.134,南昌,香港路W座
97.236.113.51,潮州,重庆路q座
198.23.187.39,北镇,银川路o座
192.88.98.11,柳州,唐街J座
192.88.101.17,石家庄,嘉禾路D座
198.51.90.102,南宁,刘路g座
192.30.253.3,呼和浩特,呼和浩特路i座
197.46.170.118,西宁,刘路i座
192.0.92.199,齐齐哈尔,梧州街G座
203.3.119.167,南宁,谢路Q座
192.174.224.24,深圳,柳街D座
203.5.163.58,嘉禾,林路U座
192.52.214.121,兰州,赵街S座
192.175.172.32,长春,张街u座
196.203.7.216,南京,吴街Y座
198.51.52.146,淮安,余街V座
192.54.56.131,广州,唐街E座
122.189.139.133,惠州,惠州街z座
192.31.197.252,西宁,哈尔滨路n座
192.0.162.27,梧州,太原街u座
171.32.12.82,辽阳,冯街B座
100.142.22.4,沈阳,刘路k座
198.51.16.176,福州,蒋街n座
192.175.95.181,天津,太原街R座
203.39.139.217,济南,武汉街X座
203.0.17.193,宜都,通辽路J座
198.51.99.168,重庆,大冶路C座
192.172.164.194,长沙,孙路e座
169.241.57.90,宁德,陈路K座
192.1.240.101,大冶,张家港街j座
192.31.201.204,西安,郑州街X座
192.150.27.248,郑州,何街i座
100.41.124.42,深圳,周路c座
143.251.60.244,昆明,杨路t座
192.174.74.106,佛山,孙路s座
104.33.97.252,嘉禾,李街u座
123.34.229.90,昆明,哈尔滨路N座
192.130.207.90,合肥,沈阳街G座
203.49.13.132,沈阳,沈路Q座
192.72.117.61,荆门,广州路X座
203.0.117.190,上海,丁路I座
192.175.54.82,重庆,巢湖路C座
203.0.191.33,太原,广州街n座
198.27.189.88,福州,马路J座
192.0.36.132,福州,俞街o座
203.58.181.79,兴城,辛集街K座
198.50.46.234,潮州,胡街q座
192.91.31.193,天津,西宁路e座
192.31.98.52,拉萨,太原路f座
5.12.157.90,梧州,朱街D座
195.242.108.214,海口,李路q座
203.0.90.42,关岭,大冶街i座
192.175.2.78,通辽,柳州路z座
169.252.2.239,淮安,管路c座
203.17.92.96,张家港,李路H座
198.59.85.157,成都,台北街z座
203.0.146.70,沈阳,李街C座
15.61.18.212,阜新,侯街E座
203.4.4.222,太原,太原路q座
169.255.93.12,海门,张街D座
101.198.85.16,汕尾,长春路m座
192.44.1.170,佛山,施路N座
203.0.239.122,沈阳,太原街J座
23.144.81.235,香港,李街t座
192.173.11.201,齐齐哈尔,昆明路K座
98.40.73.78,宜都,李路Y座
169.255.175.248,乌鲁木齐,张街T座
192.70.82.148,拉萨,贵阳路b座
174.22.65.96,北镇,西宁街L座
169.235.64.67,长沙,蒋街Y座
192.174.4.138,乌鲁木齐,周路t座
123.89.148.80,杭州,田街T座
192.14.0.65,天津,兴城路S座
192.31.199.101,成都,张街H座
192.31.197.119,济南,马鞍山街o座
198.53.159.3,长沙,许街e座
203.173.252.23,辽阳,乔街k座
169.243.237.78,拉萨,广州路s座
192.52.128.78,哈尔滨,高路V座
192.1.88.65,六安,巢湖街b座
198.58.203.206,济南,海门路X座
192.174.185.214,石家庄,王路w座
101.100.153.128,兰州,齐齐哈尔街M座
200.244.60.66,昆明,王路K座
145.72.34.155,阜新,李路q座
192.0.6.83,福州,高路X座
192.52.200.193,兰州,郭街t座
101.72.23.153,兴城,沈阳路f座
192.61.101.202,梧州,上海路B座
192.31.197.228,郑州,通辽路o座
162.2.233.203,南宁,华街h座
167.148.57.112,梧州,刘路v座
169.253.65.7,北京,柳州路x座
203.0.196.31,广州,兴城街L座
170.82.139.36,石家庄,沈路F座
204.97.31.128,香港,海口路j座
192.52.74.150,兴城,大冶街E座
203.13.127.171,济南,梧州路x座
192.30.243.167,张家港,兴安盟街j座
123.126.90.41,福州,郑州路c座
192.170.158.76,宁德,南京街T座
192.0.17.27,柳州,大冶街I座
192.2.152.85,昆明,昆明路L座
203.143.165.207,永安,陈路h座
96.63.90.165,广州,兴城街m座
198.51.97.169,天津,齐齐哈尔路r座
192.156.137.165,永安,长沙街W座
203.210.8.174,汕尾,关岭路T座
192.0.13.159,巢湖,辛集街e座
192.31.193.188,乌鲁木齐,荆门路n座
203.76.106.251,海门,昆明路q座
192.52.194.22,大冶,施街c座
192.172.137.160,佛山,兴城路S座
170.29.104.228,香港,董街A座
192.0.97.184,澳门,邯郸路N座
198.17.16.86,六安,杭州路s座
192.88.98.69,辽阳,张路D座
169.253.147.197,汕尾,祁路q座
180.235.218.150,柳州,马路Y座
192.175.165.120,宁德,余街Z座
198.51.13.192,深圳,马鞍山路z座
169.252.194.43,阜新,蒋路L座
192.88.98.188,天津,崔街G座
169.255.236.169,太原,黄街Y座
169.242.173.214,海口,赵路r座
87.46.115.111,哈尔滨,仲街P座
13.201.108.168,梧州,大冶街U座
212.241.68.25,巢湖,李街a座
210.146.148.195,长春,李街N座
192.52.187.29,六安,邝街W座
23.196.84.49,呼和浩特,陈路M座
192.31.151.96,汕尾,杨路l座
198.200.214.101,梧州,杨路i座
192.0.4.59,乌鲁木齐,赵路a座
151.19.237.63,西宁,朱街l座
173.209.91.193,郑州,张路L座
192.52.200.138,宜都,张街j座
192.0.69.68,北镇,贾路v座
203.0.88.255,武汉,胡街x座
203.1.38.25,拉萨,巢湖路Q座
192.1.58.148,海口,江路v座
126.93.80.189,合肥,豆街K座
192.175.9.214,北镇,沈阳街u座
123.22.1.29,兴安盟,张路o座
167.27.68.137,六盘水,梁路n座
192.84.250.222,海口,福州路s座
202.252.50.145,长春,梁街i座
166.38.171.80,郑州,韦街o座
192.31.199.42,兰州,西安路T座
192.92.211.154,广州,张家港街a座
98.221.240.30,南昌,尹路J座
192.52.241.90,西安,刘街x座
198.20.125.80,西安,澳门街g座
192.53.48.238,佛山,李街G座
192.0.6.177,兴安盟,宜都街d座
192.121.15.158,梧州,惠州街v座
192.18.20.103,马鞍山,沈路O座
192.48.125.8,辛集,黄街u座
197.0.8.47,永安,南昌街A座
192.175.56.215,大冶,张街P座
192.31.193.63,海门,宁德路C座
198.63.115.204,海门,佛山街r座
97.159.118.19,辛集,任街A座
192.175.133.131,梧州,永安路y座
192.180.34.93,西安,许街q座
192.31.95.77,宜都,广州路q座
203.0.112.164,呼和浩特,张路F座
192.175.188.142,银川,张家港路r座
192.174.191.52,广州,邓路n座
192.3.228.15,六安,刘路S座
192.0.253.106,六盘水,罗路b座
169.255.251.12,通辽,李路o座
198.36.216.156,兴安盟,李街D座
198.217.198.115,潜江,兰州路P座
192.90.140.128,南京,刘街n座
192.175.55.56,六安,赵路Z座
104.94.96.54,哈尔滨,李路c座
203.27.132.130,合肥,陈路S座
192.89.195.56,邯郸,周街C座
192.81.87.155,澳门,淮安路q座
198.50.250.104,辛集,何街v座
192.1.222.168,巢湖,林街W座
192.88.39.203,宁德,合山路V座
192.31.223.180,兴城,通辽街O座
192.23.157.175,天津,冯路n座
192.175.54.65,长沙,呼和浩特路w座
207.103.125.204,南宁,纪路h座
169.150.48.95,辛集,深圳街k座
172.144.122.0,西宁,叶路w座
192.0.28.51,长春,房街c座
203.1.103.246,邯郸,王路A座
203.0.114.162,兴城,张路l座
192.52.175.148,马鞍山,许路p座
194.176.130.25,昆明,陈街w座
169.243.159.16,阜新,太原路t座
203.0.119.150,惠州,北京路x座
192.2.123.177,海门,通辽路I座
192.53.152.120,汕尾,长春路e座
202.146.241.10,阜新,汕尾街f座
112.12.181.214,广州,马路N座
203.0.112.29,杭州,贵阳街Z座
192.31.197.185,海门,昆明路s座
192.0.12.101,南宁,长春街w座
192.175.50.78,北镇,佛山路h座
5.217.221.93,兴城,谭街t座
192.93.146.194,兴安盟,南宁街J座
192.31.199.5,广州,李街G座
203.25.49.169,石家庄,通辽路x座
192.52.192.36,荆门,石家庄街e座
203.209.50.229,兰州,广州路F座
192.0.14.126,淮安,庄街E座
210.42.180.189,武汉,惠州路R座
169.241.165.28,天津,姜路D座
192.175.89.104,张家港,南昌路r座
192.27.109.84,南京,南昌街J座
192.175.25.91,兴安盟,西宁路H座
192.0.56.252,香港,嘉禾路H座
192.2.251.213,广州,拉萨街D座
192.0.1.36,宜都,何路T座
192.91.62.87,合肥,梧州街o座
123.243.132.142,西宁,梧州街x座
192.31.249.183,六盘水,呼和浩特街W座
3.45.230.156,汕尾,荆门街R座
192.116.206.250,澳门,王街e座
203.0.47.91,广州,兴安盟街t座
192.115.209.176,南京,兴城街S座
203.19.110.35,深圳,冯路o座
192.31.214.160,南京,齐齐哈尔路t座
192.93.249.202,哈尔滨,秦街w座
169.252.63.34,张家港,吉路t座
124.48.145.243,合山,雷街N座
203.6.119.35,荆门,向街f座
100.148.65.253,梧州,淮安路b座
192.31.197.245,合肥,冯街W座
192.175.57.108,兴安盟,上海路B座
192.0.173.209,淮安,张街t座
195.106.145.27,通辽,田路H座
192.28.207.128,天津,呼和浩特街i座
162.200.159.104,宜都,徐街E座
192.30.153.43,西宁,合山路T座
192.86.71.25,永安,刘街I座
192.0.224.172,长沙,柳州街s座
119.233.252.92,宁德,乌鲁木齐街d座
192.173.107.212,海口,长沙街c座
203.0.130.94,成都,姬街c座
192.9.171.11,海口,王路k座
192.175.27.162,合山,石路J座
22.104.233.49,嘉禾,巴街h座
193.238.20.81,东莞,西宁街P座
198.51.255.32,张家港,潜江路t座
192.175.9.144,哈尔滨,程路L座
192.28.234.86,南宁,宋路Z座
198.51.175.34,哈尔滨,济南街I座
202.147.209.193,海门,陈街n座
192.0.24.161,重庆,李路e座
203.84.118.70,张家港,刘路A座
203.0.96.175,太原,王路W座
203.29.27.82,齐齐哈尔,刘街H座
203.0.114.57,沈阳,赵街J座
192.175.53.114,通辽,合山街F座
192.52.218.77,关岭,潜江街E座
124.189.133.239,嘉禾,章路T座
207.221.33.246,兴城,郑州路J座
203.2.221.242,哈尔滨,长沙路O座
126.10.126.195,澳门,杭州街M座
192.1.85.127,银川,阜新路D座
169.235.114.113,潮州,王路H座
192.52.192.47,银川,耿路P座
192.54.210.57,石家庄,李街z座
192.84.176.32,兴安盟,陈街g座
1.207.35.79,永安,宋街R座
120.18.34.215,拉萨,叶街u座
10.97.110.40,沈阳,姚路t座
192.8.198.225,宁德,郝街j座
192.25.84.36,关岭,李街l座
198.56.235.209,南昌,郑州路o座
198.58.155.250,香港,潘路W座
192.0.4.97,兴安盟,蔡路C座
192.2.52.168,武汉,杜街O座
192.28.218.65,六盘水,六盘水路L座
198.0.248.98,北镇,六盘水路z座
203.0.119.154,昆明,合肥路t座
116.11.38.239,成都,李街z座
198.101.16.148,长春,许路J座
192.167.240.12,淮安,向路x座
192.210.218.159,广州,巢湖街i座
203.0.114.178,哈尔滨,武汉街K座
192.88.96.110,哈尔滨,龚路M座
198.16.11.103,哈尔滨,石街s座
192.175.44.117,宜都,关岭街Y座
192.29.224.150,石家庄,王街z座
192.175.77.20,福州,王街m座
126.134.10.129,海口,黄街G座
192.31.152.33,潮州,太原街I座
1.190.222.77,南京,梁街W座
203.11.55.86,兴城,西宁街L座
198.23.105.104,大冶,胡路P座
169.141.97.183,长沙,辛集街T座
192.0.1.127,哈尔滨,齐齐哈尔路d座
107.68.155.228,巢湖,张家港街D座
194.141.39.209,拉萨,福州路n座
192.31.200.183,成都,罗街E座
192.52.195.170,香港,罗路v座
128.20.236.66,阜新,宋街i座
192.90.70.47,梧州,赵路Y座
101.165.37.14,通辽,巢湖街m座
192.88.98.145,呼和浩特,王路c座
198.189.69.204,宁德,李街V座
126.92.57.44,嘉禾,潜江路e座
203.0.65.197,惠州,深圳路e座
192.175.199.13,兴安盟,祝路y座
192.88.104.198,长沙,黄路r座
169.108.37.102,合肥,王路F座
192.31.237.141,兰州,童路g座
192.88.56.189,梧州,石路T座
158.88.63.164,齐齐哈尔,乌鲁木齐路F座
169.228.107.107,淮安,张街s座
192.175.238.152,兰州,张家港路I座
192.31.232.142,张家港,海口街N座
192.31.194.100,辛集,叶街E座
169.230.146.38,关岭,朱街Z座
169.252.189.131,潜江,合山街v座
3.57.96.0,淮安,裴路N座
198.61.224.92,北镇,雷路Q座
192.89.18.127,济南,阎街i座
195.245.82.159,拉萨,拉萨街m座
192.226.37.28,海口,太原路n座
192.52.195.250,汕尾,武汉路t座
203.1.94.150,汕尾,深圳路J座
198.51.111.211,阜新,廖街L座
189.139.64.167,海口,黄路O座
192.81.156.101,拉萨,杨街t座
192.28.5.150,上海,嘉禾街n座
23.162.26.62,荆门,惠州街s座
192.50.134.221,济南,鞠路j座
192.95.159.108,海门,通辽路r座
3.207.185.223,北京,长沙街H座
192.175.87.176,深圳,佛山路z座
108.134.135.99,张家港,成都路u座
203.125.132.94,辛集,邯郸路s座
203.1.216.69,淮安,李路t座
198.20.250.17,上海,拉萨路U座
198.51.3.39,南宁,兴安盟路e座
2.147.78.154,香港,阜新路h座
192.31.198.154,福州,荆门路J座
203.0.166.90,嘉禾,刘路v座
192.2.224.176,六盘水,合肥路X座
181.237.59.45,辽阳,周街F座
25.215.232.226,香港,樊路O座
145.237.0.37,沈阳,田街l座
197.149.243.5,杭州,黄街v座
203.2.196.152,汕尾,宁德街F座
192.81.120.80,海门,合肥街H座
126.78.120.4,贵阳,南京街I座
193.54.52.86,太原,南宁路j座
169.253.85.248,梧州,汕尾街G座
192.88.127.14,合肥,海门路Y座
192.88.96.1,北镇,李街u座
198.51.29.183,成都,宁德路S座
192.52.199.238,昆明,北京街c座
192.52.195.59,张家港,严街T座
192.88.112.198,合山,重庆路o座
198.204.245.225,西宁,辽阳路i座
192.103.234.180,兰州,耿街c座
198.51.124.146,潮州,海门路E座
192.175.59.244,兰州,成都街F座
192.30.210.40,北京,永安街I座
192.175.240.15,太原,严街g座
5.18.161.39,大冶,郑州街r座
192.31.198.42,宜都,银川路M座
192.88.121.151,辽阳,陈街U座
192.31.207.34,乌鲁木齐,孙街Z座
198.118.241.188,澳门,澳门路s座
192.31.212.136,杭州,贵阳路h座
25.116.139.249,马鞍山,王路F座
192.52.82.149,澳门,汕尾街S座
174.152.142.250,太原,澳门路W座
198.17.29.128,兴安盟,西安街M座
198.48.83.193,成都,石家庄街l座
174.24.79.144,合肥,香港路y座
192.175.37.103,沈阳,合肥街C座
155.31.77.168,哈尔滨,邯郸路c座
192.5.148.201,上海,合肥街h座
126.164.212.226,永安,银川街R座
192.0.6.4,荆门,永安街i座
192.0.48.189,齐齐哈尔,向路D座
192.175.52.203,关岭,程街x座
101.231.173.182,六盘水,程街z座
198.51.111.68,张家港,刘街G座
13.208.69.217,长沙,兰州街Y座
203.0.118.162,佛山,杨路w座
171.145.25.177,柳州,大冶路X座
1.163.250.7,合肥,西安街h座
192.52.170.189,深圳,林路H座
192.5.242.160,六安,重庆街Y座
192.0.22.162,张家港,大冶街h座
198.50.254.114,澳门,邯郸路t座
205.216.226.233,合肥,范路D座
203.1.54.235,阜新,杭州街t座
169.242.20.180,巢湖,六安街L座
192.175.49.155,南昌,马路e座
192.91.130.253,南宁,刘路r座
197.219.63.239,潜江,郑州路J座
192.53.119.186,上海,六安路d座
192.175.37.83,杭州,杨街b座
198.164.15.25,邯郸,东莞街C座
198.60.239.1,西宁,李街D座
51.100.108.145,六安,张街D座
192.31.183.83,长春,天津街q座
99.188.200.31,哈尔滨,东莞街q座
192.65.131.158,天津,巢湖街U座
196.163.225.25,南京,关岭路z座
192.52.248.40,汕尾,张路l座
192.29.180.221,惠州,马鞍山街h座
168.247.106.220,太原,沈阳路E座
198.50.144.7,柳州,胡街w座
192.175.53.122,梧州,高路u座
203.11.129.140,南宁,天津路z座
192.0.12.66,邯郸,陈路Z座
203.0.78.126,长沙,海门街B座
192.81.241.239,台北,王街b座
192.174.22.207,西宁,邹街A座
198.147.60.117,广州,赵街Y座
198.28.227.149,马鞍山,江街o座
126.91.214.46,潮州,詹路N座
169.248.138.38,张家港,朱街k座
192.69.111.37,哈尔滨,凌街S座
169.255.231.42,太原,张街O座
192.57.0.113,嘉禾,银川街Y座
32.134.247.114,宜都,兴城街V座
192.88.127.60,昆明,盛街A座
192.88.113.68,宁德,甘街b座
198.51.101.102,南京,王街f座
203.1.31.11,南京,周路N座
192.2.250.46,武汉,杨街b座
192.88.108.91,西安,巢湖街J座
192.88.100.172,齐齐哈尔,兴城路b座
192.0.48.216,南宁,汕尾路r座
192.31.197.79,南昌,张街c座
192.48.88.169,六安,南昌路o座
201.85.142.52,嘉禾,文路v座
180.253.49.4,通辽,兰州街E座
203.3.29.163,重庆,毛街C座
192.28.125.208,上海,邯郸街O座
192.0.3.59,海口,姜路c座
111.83.51.222,荆门,罗路A座
192.88.104.237,阜新,陈街v座
